,public_metrics,conversation_id,lang,source,text,reply_settings,id,created_at,author_id,in_reply_to_user_id,referenced_tweets
0,"{'retweet_count': 32, 'reply_count': 10, 'like_count': 30, 'quote_count': 5}",1486763898414022657,en,TweetDeck,"‘Grandparent scam’ targeting seniors in Toronto: police
https://t.co/SYwqKcJiDv",everyone,1486763898414022657,2022-01-27T18:11:50.000Z,19636948,,
1,"{'retweet_count': 40, 'reply_count': 94, 'like_count': 155, 'quote_count': 17}",1483139432165347336,en,TweetDeck,"Ontario widens access to free PCR COVID-19 testing to include pregnant people, first responders, select unvaccinated adults over the age of 70
https://t.co/njBQYfdovn https://t.co/Czd4a0NuA4",everyone,1483139432165347336,2022-01-17T18:09:30.000Z,19636948,,
2,"{'retweet_count': 60, 'reply_count': 70, 'like_count': 75, 'quote_count': 25}",1475616660765782023,en,Twitter Web App,Elderly woman sexually assaulted after being awoken by knock at the door: Toronto police https://t.co/hJdQFQHwB7,everyone,1475616660765782023,2021-12-27T23:56:42.000Z,19636948,,
3,"{'retweet_count': 9, 'reply_count': 5, 'like_count': 16, 'quote_count': 1}",1469721519538507784,en,TweetDeck,"Toronto paramedics say a pedestrian has died after he was struck by a car in Scarborough, Ont.

https://t.co/W9SZk5M7zy",everyone,1469721519538507784,2021-12-11T17:31:31.000Z,19636948,,
4,"{'retweet_count': 3, 'reply_count': 4, 'like_count': 7, 'quote_count': 1}",1469010165588496388,en,TweetDeck,"The province's police watchdog is investigating a collision involving a Toronto police cruiser that left an elderly man and woman seriously injured on Wednesday night. 
https://t.co/78GJ2hWp8Q",everyone,1469010165588496388,2021-12-09T18:24:51.000Z,19636948,,
5,"{'retweet_count': 11, 'reply_count': 4, 'like_count': 21, 'quote_count': 0}",1463836367830585346,en,TweetDeck,"Montreal man charged after allegedly defrauding elderly man in Toronto: police 
https://t.co/jewbGr7eqw",everyone,1463836367830585346,2021-11-25T11:46:01.000Z,19636948,,
6,"{'retweet_count': 119, 'reply_count': 23, 'like_count': 645, 'quote_count': 15}",1462849977772826628,en,TweetDeck,"Ontario optometrists to resume OHIP-insured services for kids and seniors tomorrow; ending months-long job action
https://t.co/dkzU9b2kei",everyone,1462849977772826628,2021-11-22T18:26:27.000Z,19636948,,
7,"{'retweet_count': 5, 'reply_count': 10, 'like_count': 13, 'quote_count': 0}",1461785625456222215,en,TweetDeck,"NDP calls on Liberals to detail impact of COVID aid on benefits to seniors, families
https://t.co/BJvpmPr2oI",everyone,1461785625456222215,2021-11-19T19:57:06.000Z,19636948,,
8,"{'retweet_count': 6, 'reply_count': 5, 'like_count': 10, 'quote_count': 0}",1459490379561115656,en,TweetDeck,"Documents detail impacts of federal aid on benefits for seniors, families
https://t.co/gi8jPgXQ6A",everyone,1459490379561115656,2021-11-13T11:56:37.000Z,19636948,,
9,"{'retweet_count': 5, 'reply_count': 0, 'like_count': 12, 'quote_count': 0}",1459180468704886786,en,TweetDeck,"An elderly woman has been taken to hospital with critical injuries after being struck by a vehicle in Whitby, Durham police say.  https://t.co/UJ1nss2H7r",everyone,1459180468704886786,2021-11-12T15:25:08.000Z,19636948,,
10,"{'retweet_count': 7, 'reply_count': 8, 'like_count': 23, 'quote_count': 0}",1456551626727112711,en,TweetDeck,"'They're afraid they won't come back:' Petition wants elder care in Nunavut
https://t.co/wab3prRsTi",everyone,1456551626727112711,2021-11-05T09:19:03.000Z,19636948,,
11,"{'retweet_count': 5, 'reply_count': 2, 'like_count': 11, 'quote_count': 0}",1455721460757143558,en,Twitter Web App,Durham police investigating suspicious death of elderly woman  https://t.co/H6fciiwsDG,everyone,1455721460757143558,2021-11-03T02:20:16.000Z,19636948,,
12,"{'retweet_count': 28, 'reply_count': 28, 'like_count': 26, 'quote_count': 16}",1453319555401592833,en,TweetDeck,"Expired flu shots given to seniors at Toronto retirement home
https://t.co/yau8iwDDYv",everyone,1453319555401592833,2021-10-27T11:15:58.000Z,19636948,,
13,"{'retweet_count': 57, 'reply_count': 90, 'like_count': 92, 'quote_count': 25}",1453114795721375750,en,Twitter Web App,Expired flu shots given to seniors at Toronto retirement home https://t.co/yau8iwDDYv https://t.co/Lxev6X2C0p,everyone,1453114795721375750,2021-10-26T21:42:19.000Z,19636948,,
14,"{'retweet_count': 9, 'reply_count': 5, 'like_count': 31, 'quote_count': 0}",1451549497390153738,en,TweetDeck,"Ontario to expand paramedicine services to all eligible seniors
https://t.co/EEj5WaTlVg",everyone,1451549497390153738,2021-10-22T14:02:23.000Z,19636948,,
15,"{'retweet_count': 7, 'reply_count': 2, 'like_count': 11, 'quote_count': 0}",1448016085798768645,en,Twitter Web App,Elderly woman in critical condition after being struck by TTC bus on Lawrence Avenue https://t.co/RFFnKY4wE2 https://t.co/KvUduRk84R,everyone,1448016085798768645,2021-10-12T20:01:52.000Z,19636948,,
16,"{'retweet_count': 15, 'reply_count': 11, 'like_count': 47, 'quote_count': 3}",1446411063252115456,en,TweetDeck,"Alarmed by COVID-19, Ontario seniors want to live in their homes as long as possible: poll
https://t.co/Owm8YzQVRr",everyone,1446411063252115456,2021-10-08T09:44:05.000Z,19636948,,
17,"{'retweet_count': 5, 'reply_count': 1, 'like_count': 8, 'quote_count': 0}",1443146180809080841,en,TweetDeck,"UPDATE: Elderly woman dead after two-alarm condo fire in Leaside
https://t.co/zb996qJv5Q",everyone,1443186154615021581,2021-09-29T12:09:27.000Z,19636948,19636948,"[{'type': 'replied_to', 'id': '1443146180809080841'}]"
18,"{'retweet_count': 4, 'reply_count': 3, 'like_count': 21, 'quote_count': 0}",1443146180809080841,en,TweetDeck,"Elderly woman in life-threatening condition in hospital after fire at condo building in Toronto's Leaside area
https://t.co/TJq36BXRQX https://t.co/rVAHotiGVD",everyone,1443146180809080841,2021-09-29T09:30:36.000Z,19636948,,
19,"{'retweet_count': 13, 'reply_count': 18, 'like_count': 49, 'quote_count': 4}",1442948777036304388,en,Twitter Web App,National advisory committee recommends booster for seniors in long-term care https://t.co/J5fSiDd7AM,everyone,1442948777036304388,2021-09-28T20:26:11.000Z,19636948,,
20,"{'retweet_count': 7, 'reply_count': 17, 'like_count': 51, 'quote_count': 1}",1440876057784115201,en,Twitter Web App,"FDA backs Pfizer COVID-19 boosters for seniors, high-risk individuals https://t.co/oA4CEi03yq",everyone,1440876057784115201,2021-09-23T03:09:57.000Z,19636948,,
21,"{'retweet_count': 15, 'reply_count': 0, 'like_count': 17, 'quote_count': 0}",1437773368036667396,en,TweetDeck,"Durham Regional Police are urging witnesses to come forward following a crash in Whitby that left an elderly man dead.
https://t.co/dPORzYsjnt https://t.co/7ba4v3AgJl",everyone,1437773368036667396,2021-09-14T13:40:58.000Z,19636948,,
22,"{'retweet_count': 17, 'reply_count': 9, 'like_count': 20, 'quote_count': 4}",1433760560492027905,en,TweetDeck,"Toronto police are searching for a missing elderly man who took his sail boat out on the water on Thursday afternoon and has not been seen since. 
https://t.co/kfeUcedya9",everyone,1433760560492027905,2021-09-03T11:55:30.000Z,19636948,,
23,"{'retweet_count': 128, 'reply_count': 50, 'like_count': 154, 'quote_count': 45}",1433003927696457731,en,TweetDeck,"Ontario optometrists stop providing OHIP-covered services for kids and seniors after talks over compensation with Ford government fail
https://t.co/VODek8haph",everyone,1433003927696457731,2021-09-01T09:48:54.000Z,19636948,,
24,"{'retweet_count': 48, 'reply_count': 17, 'like_count': 42, 'quote_count': 2}",1431021580033921029,en,TweetDeck,"Police release new images of suspects accused of assaulting elderly man in East York
https://t.co/pAPxJUsjG4 https://t.co/sQwiTc2Rm6",everyone,1431021580033921029,2021-08-26T22:31:46.000Z,19636948,,
25,"{'retweet_count': 33, 'reply_count': 44, 'like_count': 196, 'quote_count': 4}",1430971141779337222,en,TweetDeck,"Ontario avoided at least 2,700 'severe outcomes' including hospitalization and death among elderly people due to the COVID-19 vaccine campaign: report
https://t.co/lcgTa9HZOY",everyone,1430971141779337222,2021-08-26T19:11:21.000Z,19636948,,
26,"{'retweet_count': 24, 'reply_count': 88, 'like_count': 147, 'quote_count': 3}",1430915394802495491,en,Twitter Web App,"Liberals will hike supplementary pensions for low-income seniors, Trudeau says https://t.co/MGHVkqD4Iz https://t.co/m9KFwGR5ms",everyone,1430915394802495491,2021-08-26T15:29:49.000Z,19636948,,
27,"{'retweet_count': 5, 'reply_count': 9, 'like_count': 7, 'quote_count': 2}",1428290981875564546,en,TweetDeck,"Party leaders to speak on seniors, health care as campaign steams on
https://t.co/s5b2xPTrf9",everyone,1428290981875564546,2021-08-19T09:41:21.000Z,19636948,,
28,"{'retweet_count': 114, 'reply_count': 350, 'like_count': 503, 'quote_count': 199}",1427677808759910404,en,TweetDeck,"Ontario to give 'booster' 3rd COVID-19 vaccine dose to select elderly and vulnerable groups; will allow 11-year-olds to get the shot
https://t.co/daPGYujeDD https://t.co/TJF7AgtSi9",everyone,1427677808759910404,2021-08-17T17:04:49.000Z,19636948,,
29,"{'retweet_count': 11, 'reply_count': 5, 'like_count': 36, 'quote_count': 0}",1427433703412752405,en,Twitter Web App,Second-degree murder charge laid after elderly man injured in North York assault on Canada Day dies  https://t.co/8bhkZxrjPj,everyone,1427433703412752405,2021-08-17T00:54:49.000Z,19636948,,
30,"{'retweet_count': 6, 'reply_count': 22, 'like_count': 33, 'quote_count': 1}",1426979272816738305,en,TweetDeck,"U.S. mulls COVID vaccine boosters for elderly as early as fall 
https://t.co/RK3jgpsIAi https://t.co/3DIfVxW2U2",everyone,1426979272816738305,2021-08-15T18:49:05.000Z,19636948,,
31,"{'retweet_count': 17, 'reply_count': 9, 'like_count': 26, 'quote_count': 2}",1425388296864153600,en,TweetDeck,"Low-income seniors who got CERB treated differently for guaranteed income supplement eligibility depending on which federal agency handled their original claim, an internal document says
https://t.co/xnqjPgdhYU",everyone,1425388296864153600,2021-08-11T09:27:07.000Z,19636948,,
32,"{'retweet_count': 39, 'reply_count': 34, 'like_count': 59, 'quote_count': 8}",1423240886222209024,en,TweetDeck,"Seniors say their guaranteed income supplement is being clawed back if they received CERB last year
https://t.co/JNHB3E2cH0",everyone,1423240886222209024,2021-08-05T11:14:04.000Z,19636948,,
33,"{'retweet_count': 9, 'reply_count': 8, 'like_count': 96, 'quote_count': 2}",1419263056018919425,en,TweetDeck,"Pope honors grandparents on first World Day for elderly
https://t.co/YHd35Sua4n https://t.co/kZ9wJiWdnV",everyone,1419263056018919425,2021-07-25T11:47:35.000Z,19636948,,
34,"{'retweet_count': 3, 'reply_count': 2, 'like_count': 13, 'quote_count': 0}",1418150478442008576,en,TweetDeck,"Radio host Larry Elder wins fight to enter California recall
https://t.co/ORITh9mqLX https://t.co/wf2EJfnzQ8",everyone,1418150478442008576,2021-07-22T10:06:36.000Z,19636948,,
35,"{'retweet_count': 11, 'reply_count': 8, 'like_count': 40, 'quote_count': 2}",1404875895400239109,en,TweetDeck,"Liberal government moves to define 'elder abuse' to better target ways to stop it 
https://t.co/AoeVqHEieD",everyone,1404875895400239109,2021-06-15T18:58:09.000Z,19636948,,
36,"{'retweet_count': 7, 'reply_count': 2, 'like_count': 20, 'quote_count': 3}",1400052597550166017,en,TweetDeck,"Can virtual reality help seniors? Study hopes to find out
https://t.co/3UtTLhoZ5P https://t.co/5D8aZfGrct",everyone,1400052597550166017,2021-06-02T11:32:05.000Z,19636948,,
37,"{'retweet_count': 17, 'reply_count': 11, 'like_count': 88, 'quote_count': 3}",1398474174859857920,en,Twitter Media Studio,"Rebooking second dose appointments for COVID-19 vaccine could be complicated for Ontario seniors: doctor
https://t.co/upKlxWa5Em https://t.co/eVx2wbEWDa",everyone,1398474174859857920,2021-05-29T03:00:00.000Z,19636948,,
38,"{'retweet_count': 26, 'reply_count': 48, 'like_count': 103, 'quote_count': 17}",1398367184066392066,en,Twitter Web App,Doctor fears ‘vaccine Hunger Games 2.0’ for seniors looking to book a second dose early https://t.co/upKlxVSuMO,everyone,1398367184066392066,2021-05-28T19:54:51.000Z,19636948,,
39,"{'retweet_count': 3, 'reply_count': 2, 'like_count': 14, 'quote_count': 2}",1398212359982878721,en,TweetDeck,"South Africa starts jabs for elderly as virus surge looms
https://t.co/mVZdH9ex8U https://t.co/CpmM5mCoKz",everyone,1398212359982878721,2021-05-28T09:39:38.000Z,19636948,,
40,"{'retweet_count': 31, 'reply_count': 17, 'like_count': 91, 'quote_count': 9}",1397926014949363719,en,TweetDeck,An 89-year-old man has died after being pinned between two vehicles as he walked out of a downtown hospital Wednesday https://t.co/uKyHZieA6o,everyone,1397926014949363719,2021-05-27T14:41:48.000Z,19636948,,
41,"{'retweet_count': 24, 'reply_count': 16, 'like_count': 52, 'quote_count': 9}",1387216878863585285,en,TweetDeck,UPDATED:  Elderly woman in wheelchair struck and killed by dump truck in city's east end: police https://t.co/QLyNZQ3T4h,everyone,1387216878863585285,2021-04-28T01:27:31.000Z,19636948,,
42,"{'retweet_count': 9, 'reply_count': 7, 'like_count': 40, 'quote_count': 2}",1384635868162543617,en,TweetDeck,"Opposition leaders criticize federal budget over pharmacare, old age security  https://t.co/bchfhGIHx4",everyone,1384635868162543617,2021-04-20T22:31:30.000Z,19636948,,
43,"{'retweet_count': 89, 'reply_count': 23, 'like_count': 874, 'quote_count': 12}",1377191986000658435,en,TweetDeck,"Paramedics bring COVID-19 vaccines to housebound seniors across Ontario
https://t.co/beTgKirh2B",everyone,1377191986000658435,2021-03-31T09:32:11.000Z,19636948,,
44,"{'retweet_count': 55, 'reply_count': 226, 'like_count': 265, 'quote_count': 47}",1376295673323212805,en,TweetDeck,"Mayor John Tory urging those aged 70 and older to get vaccinated as many appointments still unfilled
https://t.co/9ie4PjFOmx https://t.co/qngb4aodVN",everyone,1376295673323212805,2021-03-28T22:10:33.000Z,19636948,,
45,"{'retweet_count': 60, 'reply_count': 218, 'like_count': 179, 'quote_count': 57}",1376228983822561280,en,TweetDeck,"Quebec, Ontario officials say many vaccine appointments unfilled, ask seniors to act 
https://t.co/9ie4PjFOmx https://t.co/0aHS7g0eRw",everyone,1376228983822561280,2021-03-28T17:45:33.000Z,19636948,,
46,"{'retweet_count': 12, 'reply_count': 14, 'like_count': 35, 'quote_count': 1}",1375154691194167300,en,TweetDeck,Research raises questions over delayed second vaccine doses for seniors https://t.co/9MpdxxMHa6 https://t.co/XrnqzdPoiK,everyone,1375154691194167300,2021-03-25T18:36:42.000Z,19636948,,
47,"{'retweet_count': 14, 'reply_count': 6, 'like_count': 20, 'quote_count': 1}",1375030754745389063,en,TweetDeck,"Cost of elder care expected to double by 2031 as baby boomers turn 75: CMA study
https://t.co/uJUywcxuXu",everyone,1375030754745389063,2021-03-25T10:24:13.000Z,19636948,,
48,"{'retweet_count': 13, 'reply_count': 11, 'like_count': 80, 'quote_count': 1}",1374748342438223876,en,TweetDeck,"City launching program to transport seniors, vulnerable Toronto residents to vaccine appointments 
https://t.co/EpoGzqqI7d",everyone,1374748342438223876,2021-03-24T15:42:01.000Z,19636948,,
49,"{'retweet_count': 7, 'reply_count': 10, 'like_count': 12, 'quote_count': 1}",1371945766307176450,en,Twitter Web App,Five things to know about NACI's new advice on AstraZeneca's vaccine and seniors https://t.co/GwMDjnjwTh https://t.co/IsyBeeZr6G,everyone,1371945766307176450,2021-03-16T22:05:34.000Z,19636948,,
50,"{'retweet_count': 37, 'reply_count': 82, 'like_count': 129, 'quote_count': 10}",1371817357191094274,en,Twitter Web App,BREAKING: NACI says AstraZeneca vaccine now recommended for use on seniors https://t.co/gPZXVb6Vie https://t.co/KCfOJ4Ir1l,everyone,1371817357191094274,2021-03-16T13:35:19.000Z,19636948,,
51,"{'retweet_count': 15, 'reply_count': 37, 'like_count': 155, 'quote_count': 6}",1366930141004369923,en,TweetDeck,"Seniors line up at COVID-19 vaccination site in York Region, families express relief https://t.co/5ov9kZxcuL https://t.co/prTLD79Hko",everyone,1366930141004369923,2021-03-03T01:55:16.000Z,19636948,,
52,"{'retweet_count': 10, 'reply_count': 18, 'like_count': 40, 'quote_count': 0}",1366796139337568258,en,TweetDeck,"With thousands of seniors now eligible to be vaccinated in Peel Region, getting appointment 'may take some time:' Loh 
https://t.co/80oKd0KRo7",everyone,1366796139337568258,2021-03-02T17:02:48.000Z,19636948,,
53,"{'retweet_count': 19, 'reply_count': 23, 'like_count': 98, 'quote_count': 4}",1366394882932285446,en,TweetDeck,"York Region and Hamilton are beginning to vaccinate seniors outside of congregate care settings today but technical issues are being reported on their booking systems due to high demand. 
https://t.co/DiM3gghWug",everyone,1366394882932285446,2021-03-01T14:28:21.000Z,19636948,,
54,"{'retweet_count': 26, 'reply_count': 8, 'like_count': 214, 'quote_count': 3}",1365256037285167106,en,TweetDeck,"Doctors, caregivers push for in-home COVID-19 vaccinations for housebound seniors
https://t.co/2BZkoi4f7N https://t.co/5m1GsyEjgK",everyone,1365256037285167106,2021-02-26T11:02:59.000Z,19636948,,
55,"{'retweet_count': 5, 'reply_count': 2, 'like_count': 38, 'quote_count': 2}",1364982395569643520,en,TweetDeck,"Quebec launches COVID-19 vaccination booking system for seniors 
https://t.co/5JQd2N5CfL https://t.co/uPAeE6eHI7",everyone,1364982395569643520,2021-02-25T16:55:37.000Z,19636948,,
56,"{'retweet_count': 95, 'reply_count': 36, 'like_count': 355, 'quote_count': 74}",1362900070757265416,en,TweetDeck,"Women dressed as elderly caught trying to get COVID-19 shot in Florida
https://t.co/5SPoxH6cjG https://t.co/KQvf7w8weG",everyone,1362900070757265416,2021-02-19T23:01:12.000Z,19636948,,
57,"{'retweet_count': 20, 'reply_count': 5, 'like_count': 264, 'quote_count': 2}",1348232067570688000,en,TweetDeck,"First Nations across Canada begin administering COVID-19 vaccine to healthcare workers, elders
https://t.co/z2jV2O4ZgC https://t.co/zG8tl2RFqo",everyone,1348232067570688000,2021-01-10T11:35:48.000Z,19636948,,
58,"{'retweet_count': 7, 'reply_count': 14, 'like_count': 16, 'quote_count': 1}",1342087718973661184,en,TweetDeck,"Trump's pardons for Manafort, elder Kushner benefit his inner circle
https://t.co/puc8bzbsOC https://t.co/yWuROXuDxX",everyone,1342087718973661184,2020-12-24T12:40:21.000Z,19636948,,
59,"{'retweet_count': 5, 'reply_count': 3, 'like_count': 19, 'quote_count': 2}",1341217796659802112,en,TweetDeck,"UPDATE: Elderly man in his 70s is dead following a stabbing in a North York home, homicide is investigating.",everyone,1341351385275744258,2020-12-22T11:54:26.000Z,19636948,19636948,"[{'type': 'replied_to', 'id': '1341217796659802112'}]"
60,"{'retweet_count': 15, 'reply_count': 10, 'like_count': 26, 'quote_count': 3}",1341217796659802112,en,Twitter Web App,"Elderly man critical, two others injured following stabbing in North York https://t.co/wrhX6daHC8",everyone,1341217796659802112,2020-12-22T03:03:36.000Z,19636948,,
61,"{'retweet_count': 3, 'reply_count': 4, 'like_count': 16, 'quote_count': 3}",1334986579400675328,en,TweetDeck,"Toronto paramedics say an elderly woman has been taken to hospital with serious injuries after a hit-and-run in the area of Sherbourne and Earl streets.
https://t.co/rFQkDCQ8GD",everyone,1334986579400675328,2020-12-04T22:22:58.000Z,19636948,,
62,"{'retweet_count': 7, 'reply_count': 5, 'like_count': 19, 'quote_count': 1}",1334826510960693251,en,TweetDeck,"UPDATE: Elderly woman dead after early morning house fire in Brampton
https://t.co/oOPQQk9VPR",everyone,1334851289755291648,2020-12-04T13:25:22.000Z,19636948,19636948,"[{'type': 'replied_to', 'id': '1334834626158845953'}]"
63,"{'retweet_count': 14, 'reply_count': 6, 'like_count': 29, 'quote_count': 5}",1333456297702936576,en,TweetDeck,"UPDATE: Fire chief reports fatality after blaze at Toronto apartment building dedicated to seniors
https://t.co/u1PjIrhTQr https://t.co/Qmx6tlTf4y",everyone,1333461579489292289,2020-11-30T17:23:09.000Z,19636948,19636948,"[{'type': 'replied_to', 'id': '1333456297702936576'}]"
64,"{'retweet_count': 13, 'reply_count': 5, 'like_count': 40, 'quote_count': 4}",1333456297702936576,en,TweetDeck,"Resident possibly trapped, police officer injured after fire at apartment for seniors in Etobicoke
https://t.co/NRd78iQ6fS https://t.co/TRjCRZjUmy",everyone,1333456297702936576,2020-11-30T17:02:10.000Z,19636948,,
65,"{'retweet_count': 16, 'reply_count': 28, 'like_count': 60, 'quote_count': 16}",1324454499239514114,en,TweetDeck,"#BREAKING: Ontario plans to add $100 billion in new debt over next 3 years; Ford hands out tax cuts to business, new cash payouts for parents and 'Staycation' tax credit for travel
https://t.co/YgQbzo0lD5",everyone,1324457191022252032,2020-11-05T21:02:56.000Z,19636948,19636948,"[{'type': 'replied_to', 'id': '1324454499239514114'}]"
66,"{'retweet_count': 19, 'reply_count': 7, 'like_count': 68, 'quote_count': 2}",1321174907724746756,en,TweetDeck,"Three charged by Durham regional police with defrauding seniors of $400,000 
https://t.co/IC0w9R3gan",everyone,1321174907724746756,2020-10-27T19:40:18.000Z,19636948,,
67,"{'retweet_count': 7, 'reply_count': 3, 'like_count': 11, 'quote_count': 4}",1319710098999201792,en,TweetDeck,"Female rushed to hospital with burns after fire at apartment block for seniors in Toronto's east end
https://t.co/w6S8gXApVg",everyone,1319710098999201792,2020-10-23T18:39:41.000Z,19636948,,
68,"{'retweet_count': 130, 'reply_count': 107, 'like_count': 762, 'quote_count': 62}",1316760451049558017,en,TweetDeck,"Ontario eliminates controversial teacher hiring regulation that favours seniority 
 https://t.co/vXdVh5nEy6 https://t.co/YLruRwNBZR",everyone,1316760451049558017,2020-10-15T15:18:50.000Z,19636948,,
69,"{'retweet_count': 72, 'reply_count': 71, 'like_count': 175, 'quote_count': 8}",1315034976493109251,en,TweetDeck,"Canada's chief public health officer says the spread of COVID-19 is shifting towards seniors, adding to the mounting signs suggesting a second wave could hit just as hard as the first.
https://t.co/WDfP9C2KoO https://t.co/JS1tPe6D7U",everyone,1315034976493109251,2020-10-10T21:02:25.000Z,19636948,,
70,"{'retweet_count': 74, 'reply_count': 68, 'like_count': 98, 'quote_count': 29}",1314637007398866946,en,TweetDeck,"Police seek suspect after elderly man tossed off TTC bus
https://t.co/i0XTpOMfgQ https://t.co/uomU8p8XEc",everyone,1314637007398866946,2020-10-09T18:41:01.000Z,19636948,,
71,"{'retweet_count': 30, 'reply_count': 10, 'like_count': 68, 'quote_count': 3}",1309925287656816640,en,TweetDeck,"Elderly man dies after house collapse in Barrie, police say
https://t.co/Kg7dXrB4fQ https://t.co/NNw9tss17s",everyone,1309925287656816640,2020-09-26T18:38:20.000Z,19636948,,
72,"{'retweet_count': 95, 'reply_count': 10, 'like_count': 289, 'quote_count': 5}",1306711951351963648,en,Twitter Web App,Police locate one of two missing seniors in Rexdale after escalating search to highest possible level https://t.co/Oxz1Mveioz https://t.co/HogmYi7Ja8,everyone,1306711951351963648,2020-09-17T21:49:41.000Z,19636948,,
73,"{'retweet_count': 130, 'reply_count': 5, 'like_count': 112, 'quote_count': 9}",1306596314990481408,en,Twitter Web App,Police ramp up search for two missing seniors in Rexdale to highest possible response https://t.co/PQ5Up8aKIB https://t.co/626wH5qtMD,everyone,1306596314990481408,2020-09-17T14:10:11.000Z,19636948,,
74,"{'retweet_count': 421, 'reply_count': 13, 'like_count': 185, 'quote_count': 38}",1306248163901177856,en,TweetDeck,"Police search for two missing elderly men last seen in Rexdale
https://t.co/zAc1jSb036 https://t.co/YGwba19EBk",everyone,1306248163901177856,2020-09-16T15:06:45.000Z,19636948,,
75,"{'retweet_count': 18, 'reply_count': 6, 'like_count': 41, 'quote_count': 4}",1305946884884791300,en,TweetDeck,"Elderly couple charged in lottery scam that targeted other seniors across Canada, Durham Regional Police say 
 https://t.co/LEnr8TAAVs",everyone,1305946884884791300,2020-09-15T19:09:35.000Z,19636948,,
76,"{'retweet_count': 8, 'reply_count': 2, 'like_count': 14, 'quote_count': 0}",1299718665051533315,en,TweetDeck,"Elderly man killed in Brampton collision
https://t.co/cWyeXYhonD https://t.co/JVLzVXdEny",everyone,1299718665051533315,2020-08-29T14:40:52.000Z,19636948,,
77,"{'retweet_count': 21, 'reply_count': 10, 'like_count': 38, 'quote_count': 5}",1296194624319561741,en,Twitter Web App,UPDATE: An elderly woman has died after being hit by vehicle in grocery store parking lot in Oshawa https://t.co/CKe3XmTfp6 https://t.co/WffL3FClUd,everyone,1296194624319561741,2020-08-19T21:17:35.000Z,19636948,,
78,"{'retweet_count': 13, 'reply_count': 13, 'like_count': 26, 'quote_count': 2}",1291174338381651968,en,TweetDeck,"Elderly cyclist dies after being struck by truck in Bolton
https://t.co/7H23lwM4JI https://t.co/FFaWjOwybD",everyone,1291174338381651968,2020-08-06T00:48:45.000Z,19636948,,
79,"{'retweet_count': 16, 'reply_count': 91, 'like_count': 93, 'quote_count': 10}",1291137720467759105,en,TweetDeck,"Ontario woman wants exemption to mandatory self-isolation to visit elderly parents in U.S
https://t.co/Uu8bTrR9wg https://t.co/luGtbAevxm",everyone,1291137720467759105,2020-08-05T22:23:15.000Z,19636948,,
80,"{'retweet_count': 171, 'reply_count': 90, 'like_count': 625, 'quote_count': 25}",1286739666172092419,en,TweetDeck,"“I must urge all Canadians, particularly younger adults, to not give in to COVID-19 fatigue,” says Canada's chief public health officer Dr. Theresa Tam. https://t.co/RY6gH6GYcJ https://t.co/OJIgpBfRfT",everyone,1286739666172092419,2020-07-24T19:06:57.000Z,19636948,,
81,"{'retweet_count': 32, 'reply_count': 17, 'like_count': 122, 'quote_count': 6}",1279133309335937025,en,TweetDeck,"Canada's long-term care system failed elders, before and during COVID-19: report https://t.co/FbN6HSlZr6 https://t.co/etT7Y8Wbi3",everyone,1279133309335937025,2020-07-03T19:22:00.000Z,19636948,,
82,"{'retweet_count': 40, 'reply_count': 23, 'like_count': 26, 'quote_count': 8}",1276873521885478912,en,Twitter Web App,Police release image of suspect who assaulted elderly man in Parkdale last month https://t.co/jgN6usLrPZ https://t.co/YyjpSaKS5n,everyone,1276873521885478912,2020-06-27T13:42:25.000Z,19636948,,
83,"{'retweet_count': 22, 'reply_count': 7, 'like_count': 42, 'quote_count': 1}",1268982733512028162,en,TweetDeck,Teen charged with attempted murder for allegedly attacking elderly woman in Oakville  https://t.co/LO6dDVgWtN https://t.co/FPJn3ww9Dz,everyone,1268982733512028162,2020-06-05T19:07:14.000Z,19636948,,
84,"{'retweet_count': 23, 'reply_count': 4, 'like_count': 114, 'quote_count': 6}",1264672770966851586,en,TweetDeck,Toronto Public Library employee praised for helping elderly woman connect with family https://t.co/8ZVCLv6oxA https://t.co/7dF6izjcLS,everyone,1264672770966851586,2020-05-24T21:40:59.000Z,19636948,,
85,"{'retweet_count': 92, 'reply_count': 148, 'like_count': 392, 'quote_count': 80}",1264622354312945665,en,TweetDeck,"""When you've got an elderly woman opening the door and seeing someone defecating, it is quite bothersome,"" Police Chief Mark Saunders says about situation at Trinity Bellwoods Park on Saturday. 
https://t.co/dAFakavBsv https://t.co/KRxkOHUdeh",everyone,1264622354312945665,2020-05-24T18:20:39.000Z,19636948,,
86,"{'retweet_count': 7, 'reply_count': 4, 'like_count': 16, 'quote_count': 2}",1262712121386827778,en,TweetDeck,"Elderly woman injured, dog killed following house fire in North York 
https://t.co/1sUGhE7Wiq https://t.co/tXj9NJLJSU",everyone,1262712121386827778,2020-05-19T11:50:04.000Z,19636948,,
87,"{'retweet_count': 8, 'reply_count': 1, 'like_count': 23, 'quote_count': 2}",1258581601585377286,en,TweetDeck,Peel paramedics say an elderly man was rushed to a trauma centre in critical condition after hit-and-run in Mississauga https://t.co/ZjduPTG8s7,everyone,1258581601585377286,2020-05-08T02:16:51.000Z,19636948,,
88,"{'retweet_count': 43, 'reply_count': 0, 'like_count': 252, 'quote_count': 3}",1251204473185320962,en,TweetDeck,"Staff at Humber River Hospital mark special milestone for elderly woman hospitalized on her birthday
https://t.co/jbWMRxBEo2 https://t.co/hhai3zpg4P",everyone,1251204473185320962,2020-04-17T17:42:47.000Z,19636948,,
89,"{'retweet_count': 11, 'reply_count': 2, 'like_count': 14, 'quote_count': 1}",1250416814758248449,en,TweetDeck,"Latest cases of COVID-19: Two more deaths reported at Markhaven Home for Seniors, Salvation Army Broadview Village reports seven cases 
https://t.co/51hMnQ2U4z",everyone,1250416814758248449,2020-04-15T13:32:54.000Z,19636948,,
90,"{'retweet_count': 3, 'reply_count': 3, 'like_count': 20, 'quote_count': 2}",1249631848650682368,en,TweetDeck,"Federal officials to provide COVID-19 update focused on seniors, foreign workers https://t.co/WjRst0tK0i https://t.co/fQHGXTSpL1",everyone,1249631848650682368,2020-04-13T09:33:44.000Z,19636948,,
91,"{'retweet_count': 18, 'reply_count': 9, 'like_count': 33, 'quote_count': 2}",1249424548530999298,en,TweetDeck,Quebec coroner to investigate 31 deaths at seniors' home near Montreal https://t.co/ZPfXaxDKtD https://t.co/2RDQgZcfZ9,everyone,1249424548530999298,2020-04-12T19:50:00.000Z,19636948,,
92,"{'retweet_count': 73, 'reply_count': 17, 'like_count': 80, 'quote_count': 6}",1249418133963706368,en,TweetDeck,"16 residents, four staff members at Brampton seniors' home test positive for COVID-19 https://t.co/ZR1Oah3HC6",everyone,1249418133963706368,2020-04-12T19:24:30.000Z,19636948,,
93,"{'retweet_count': 25, 'reply_count': 9, 'like_count': 42, 'quote_count': 3}",1246826618741555201,en,Twitter Web App,"COVID-19 death toll at Bobcaygeon, Ont. seniors’ residence climbs to 23 https://t.co/aurKQuNIPC https://t.co/eBlfXAEjue",everyone,1246826618741555201,2020-04-05T15:46:45.000Z,19636948,,
94,"{'retweet_count': 36, 'reply_count': 22, 'like_count': 74, 'quote_count': 6}",1246472312146321408,en,Twitter Web App,"https://t.co/q3OYUEaKpK

Two more residents of a seniors' home in Bobcaygeon, Ont. have died as a result of COVID-19, bringing the death toll for the residence to 22. https://t.co/NqkP7JCNkS",everyone,1246472312146321408,2020-04-04T16:18:52.000Z,19636948,,
95,"{'retweet_count': 24, 'reply_count': 6, 'like_count': 88, 'quote_count': 4}",1244673327312121857,en,TweetDeck,"Ford says we need to ""protect our senior populations."" He says the province is actively working with grocery stores and pharmacies to find more ways to support seniors.",everyone,1244676637914017792,2020-03-30T17:23:30.000Z,19636948,19636948,"[{'type': 'replied_to', 'id': '1244676001218650121'}]"
96,"{'retweet_count': 33, 'reply_count': 5, 'like_count': 53, 'quote_count': 8}",1242491701379371008,en,TweetDeck,Man in his 90s at Oshawa long-term care home dies of COVID-19 https://t.co/oZis203Zky https://t.co/1a2ZI3CmLO,everyone,1242491701379371008,2020-03-24T16:41:20.000Z,19636948,,
97,"{'retweet_count': 75, 'reply_count': 16, 'like_count': 137, 'quote_count': 11}",1241361809447231488,en,TweetDeck,#BREAKING: Woman in her 70s tests positive for COVID-19 at Markham seniors' home https://t.co/om9gP63ez2 https://t.co/9qsoHvXGvW,everyone,1241361809447231488,2020-03-21T13:51:33.000Z,19636948,,
98,"{'retweet_count': 674, 'reply_count': 58, 'like_count': 2703, 'quote_count': 96}",1239854666764124161,en,TweetDeck,Shoppers Drug Mart to give seniors exclusive one-hour window to shop amid reports of panic buying https://t.co/4roVR3zfab https://t.co/6oZUVfxYXY,everyone,1239854666764124161,2020-03-17T10:02:42.000Z,19636948,,
99,"{'retweet_count': 98, 'reply_count': 30, 'like_count': 129, 'quote_count': 4}",1238191447620358150,en,Twitter Web App,"Returning travellers should avoid public gatherings, visiting with seniors for 14 days: Medical Officer of Health https://t.co/CijdrDLSJs https://t.co/ZHCTGzkx57",everyone,1238191447620358150,2020-03-12T19:53:40.000Z,19636948,,
100,"{'retweet_count': 10, 'reply_count': 2, 'like_count': 50, 'quote_count': 4}",1238056091327574018,en,TweetDeck,"Fearing infection, Italy's elderly avoid their families https://t.co/SEZ4tNnFqu https://t.co/sOSFCE3ujc",everyone,1238056091327574018,2020-03-12T10:55:48.000Z,19636948,,
101,"{'retweet_count': 19, 'reply_count': 4, 'like_count': 33, 'quote_count': 3}",1237358490663956480,en,TweetDeck,"Canada's first COVID-19 death occurred in a seniors' home, prompting need for new infection control measures https://t.co/A9G9hcPlJe https://t.co/BYH7a3UCVK",everyone,1237358490663956480,2020-03-10T12:43:47.000Z,19636948,,
102,"{'retweet_count': 7, 'reply_count': 1, 'like_count': 13, 'quote_count': 1}",1234125426957660168,en,TweetDeck,Elderly male 'not really responsive' after being pulled from Humber River in Weston: police https://t.co/1fwOhx0tNz https://t.co/hgZigkgCBu,everyone,1234125426957660168,2020-03-01T14:36:45.000Z,19636948,,
103,"{'retweet_count': 11, 'reply_count': 3, 'like_count': 6, 'quote_count': 1}",1233023460835766273,en,TweetDeck,"Fraudster targeting elderly residents of Toronto's Polish community: police
https://t.co/K66aFVHLER https://t.co/tIZe6mWsmE",everyone,1233023460835766273,2020-02-27T13:37:56.000Z,19636948,,
104,"{'retweet_count': 4, 'reply_count': 5, 'like_count': 66, 'quote_count': 6}",1232039558994370565,en,TweetDeck,"California seniors who got lost in woods on Valentine's Day walk survived for a week on muddy water, fern fronds https://t.co/qXShMXuID2 https://t.co/D24meKuZ37",everyone,1232039558994370565,2020-02-24T20:28:15.000Z,19636948,,
105,"{'retweet_count': 9, 'reply_count': 4, 'like_count': 18, 'quote_count': 0}",1228743978079735814,en,TweetDeck,"UPDATED: The couple are among the 67 new positive cases of COVID-19 virus detected aboard the ship, which has been under quarantine at a port city southwest of Tokyo since Feb. 5 https://t.co/3EzQtrAEN2",everyone,1228780722669965313,2020-02-15T20:38:48.000Z,19636948,19636948,"[{'type': 'replied_to', 'id': '1228743978079735814'}]"
106,"{'retweet_count': 25, 'reply_count': 5, 'like_count': 31, 'quote_count': 3}",1228743978079735814,en,TweetDeck,"Elderly Quebec couple on quarantined cruise ship in Japan test positive for coronavirus
https://t.co/NsaTlOhTJf https://t.co/i8qj9vh42R",everyone,1228743978079735814,2020-02-15T18:12:47.000Z,19636948,,
107,"{'retweet_count': 3, 'reply_count': 0, 'like_count': 8, 'quote_count': 0}",1225806359251357696,en,TweetDeck,"Toronto police investigating 'suspicious' incident that resulted in death of elderly woman 
https://t.co/w2jVL1PbM3 https://t.co/gIl6dzKyZE",everyone,1225806359251357696,2020-02-07T15:39:45.000Z,19636948,,
108,"{'retweet_count': 11, 'reply_count': 3, 'like_count': 13, 'quote_count': 1}",1225460843518865408,en,TweetDeck,Manslaughter charge laid in death of elderly man who lay on floor for days after 2018 fall: Police https://t.co/PRk5xHGErE,everyone,1225460843518865408,2020-02-06T16:46:47.000Z,19636948,,
109,"{'retweet_count': 8, 'reply_count': 1, 'like_count': 10, 'quote_count': 0}",1222881216149512194,en,TweetDeck,Elderly woman seriously injured in Riverside apartment fire https://t.co/ouZlDmtStC https://t.co/ZGx1eTjjkZ,everyone,1222881216149512194,2020-01-30T13:56:16.000Z,19636948,,
110,"{'retweet_count': 106, 'reply_count': 44, 'like_count': 345, 'quote_count': 65}",1219928076701851648,en,TweetDeck,"Elderly man drives SUV 600m into streetcar tunnel, gets stuck inside Union Station https://t.co/hwZa6QHImc https://t.co/OMafVXJ6NV",everyone,1219928076701851648,2020-01-22T10:21:33.000Z,19636948,,
111,"{'retweet_count': 100, 'reply_count': 3, 'like_count': 30, 'quote_count': 0}",1218529001502904321,en,TweetDeck,"Police concerned for safety of missing elderly man last seen in Etobicoke
https://t.co/usRPkEwWOt https://t.co/Y4nxYSHdt4",everyone,1218529001502904321,2020-01-18T13:42:07.000Z,19636948,,
112,"{'retweet_count': 15, 'reply_count': 1, 'like_count': 106, 'quote_count': 0}",1211350930702114816,en,TweetDeck,UPDATE: Police say the elderly man who went missing on Saturday night has been found https://t.co/GiEq2wYJm5,everyone,1211386220657487874,2019-12-29T20:39:16.000Z,19636948,19636948,"[{'type': 'replied_to', 'id': '1211350930702114816'}]"
113,"{'retweet_count': 53, 'reply_count': 2, 'like_count': 30, 'quote_count': 1}",1211350930702114816,en,TweetDeck,"Police set up command post for missing elderly man last seen in North York 
https://t.co/cAyNl1ioUf https://t.co/jcr38iepRK",everyone,1211350930702114816,2019-12-29T18:19:02.000Z,19636948,,
114,"{'retweet_count': 3, 'reply_count': 16, 'like_count': 12, 'quote_count': 2}",1199037734591045632,en,TweetDeck,"Pedestrian safety advocate speaks out after police give reflective arm bands to seniors 
https://t.co/3pIk6SLKiZ https://t.co/VSVB0rtDkl",everyone,1199037734591045632,2019-11-25T18:50:47.000Z,19636948,,
115,"{'retweet_count': 7, 'reply_count': 1, 'like_count': 9, 'quote_count': 0}",1198210907622514688,en,TweetDeck,MORE:   Elderly man in critical condition after a hit-and-run https://t.co/VEp540MSBf https://t.co/5odNwwIDxl,everyone,1198216910522986496,2019-11-23T12:29:07.000Z,19636948,19636948,"[{'type': 'replied_to', 'id': '1198210907622514688'}]"
116,"{'retweet_count': 1, 'reply_count': 1, 'like_count': 2, 'quote_count': 0}",1196789378766520321,en,TweetDeck,"UPDATED: Fire at North York home sends elderly man to hospital with potentially life-threatening injuries
https://t.co/S2vU3NurPH https://t.co/S8F2hDiPuB",everyone,1196789378766520321,2019-11-19T13:56:37.000Z,19636948,,
117,"{'retweet_count': 3, 'reply_count': 0, 'like_count': 4, 'quote_count': 0}",1196735312434794496,en,TweetDeck,"Fire in North York sends elderly man to hospital with potentially life-threatening injuries
https://t.co/S2vU3NurPH https://t.co/pgiorNLIYj",everyone,1196735312434794496,2019-11-19T10:21:47.000Z,19636948,,
118,"{'retweet_count': 5, 'reply_count': 2, 'like_count': 6, 'quote_count': 1}",1195430258104786951,en,TweetDeck,"Man, 29, charged after elderly man struck and killed by vehicle in Scarborough https://t.co/hzjaCJBnQH https://t.co/EBkIHkNMpT",everyone,1195430258104786951,2019-11-15T19:55:58.000Z,19636948,,
119,"{'retweet_count': 2, 'reply_count': 1, 'like_count': 8, 'quote_count': 2}",1195049208484683777,en,TweetDeck,"Elderly person hurt in Paris, Ont. break-in dies from injuries weeks later, police say
https://t.co/jSkHzYdT6P",everyone,1195049208484683777,2019-11-14T18:41:48.000Z,19636948,,
120,"{'retweet_count': 3, 'reply_count': 1, 'like_count': 5, 'quote_count': 0}",1194601800768401409,en,TweetDeck,"UPDATED: Elderly woman pulled from Etobicoke house fire dies in hospital
https://t.co/L8uOUou3rq https://t.co/FIVLkdH302",everyone,1194601800768401409,2019-11-13T13:03:58.000Z,19636948,,
121,"{'retweet_count': 51, 'reply_count': 42, 'like_count': 18, 'quote_count': 6}",1193185546153148417,en,TweetDeck,Police release images of man after elderly woman is robbed in Annex https://t.co/pQ0uInPo8z https://t.co/zqCRQDptuh,everyone,1193185546153148417,2019-11-09T15:16:17.000Z,19636948,,
122,"{'retweet_count': 7, 'reply_count': 0, 'like_count': 7, 'quote_count': 2}",1189923745353388032,en,TweetDeck,Disabled California seniors in complex left behind in outage https://t.co/hEJDidxeM1 https://t.co/qPvnNWciV9,everyone,1189923745353388032,2019-10-31T15:15:03.000Z,19636948,,
123,"{'retweet_count': 30, 'reply_count': 3, 'like_count': 18, 'quote_count': 7}",1188865020937035776,en,TweetDeck,"Suspect shoots two elderly men who confronted him as he attempted to set fire to the door of a mosque in Bayonne, southern France  https://t.co/Opq5c3rdaN",everyone,1188865020937035776,2019-10-28T17:08:03.000Z,19636948,,
124,"{'retweet_count': 3, 'reply_count': 4, 'like_count': 7, 'quote_count': 1}",1188823846389981184,en,TweetDeck,"MORE: Elderly woman killed, another pedestrian injured following collision in city's west end
https://t.co/CjKE5jmAFw https://t.co/35mWkJeWAJ",everyone,1188852612038381570,2019-10-28T16:18:45.000Z,19636948,19636948,"[{'type': 'replied_to', 'id': '1188851140378710019'}]"
125,"{'retweet_count': 9, 'reply_count': 4, 'like_count': 13, 'quote_count': 1}",1187109072954413058,en,TweetDeck,Two charged after elderly people targeted in 'emergency scam'  https://t.co/XzIwSLdZz7 https://t.co/30lBKKcmz0,everyone,1187109072954413058,2019-10-23T20:50:33.000Z,19636948,,
126,"{'retweet_count': 8, 'reply_count': 16, 'like_count': 10, 'quote_count': 4}",1185134663066632192,en,TweetDeck,UPDATE: Man accused in murder of 91-year-old Edmund Ferrari in Oakville already awaiting trial for three separate violent assaults in Toronto https://t.co/xsFpNkQQMV https://t.co/8hxAWyi5v3,everyone,1185205109065736192,2019-10-18T14:44:52.000Z,19636948,19636948,"[{'type': 'replied_to', 'id': '1185134663066632192'}]"
127,"{'retweet_count': 5, 'reply_count': 1, 'like_count': 4, 'quote_count': 1}",1176484049147355136,en,TweetDeck,"Elderly man struck by vehicle in Scarborough dies 
 https://t.co/mm1kFuetb5 https://t.co/eb8rTQuydf",everyone,1176484049147355136,2019-09-24T13:10:29.000Z,19636948,,
128,"{'retweet_count': 11, 'reply_count': 2, 'like_count': 51, 'quote_count': 0}",1176147823458435072,en,TweetDeck,"Durham police say 4 Good Samaritans pulled elderly man from burning vehicle
https://t.co/e41126NCzK https://t.co/aeFw65pkfJ",everyone,1176147823458435072,2019-09-23T14:54:27.000Z,19636948,,
129,"{'retweet_count': 43, 'reply_count': 50, 'like_count': 57, 'quote_count': 29}",1174435006762160128,en,TweetDeck,"No charges after elderly woman caught driving in wrong direction on Hwy. 407 
https://t.co/k5aVFyRXef https://t.co/7GoeG8egYP",everyone,1174435006762160128,2019-09-18T21:28:20.000Z,19636948,,
130,"{'retweet_count': 15, 'reply_count': 51, 'like_count': 76, 'quote_count': 7}",1174313641040109568,en,TweetDeck,"Liberals will increase old age security, CPP benefits if re-elected: Trudeau
https://t.co/aHVfMoF2oZ https://t.co/oUec6FXuR0",everyone,1174313641040109568,2019-09-18T13:26:04.000Z,19636948,,
131,"{'retweet_count': 5, 'reply_count': 1, 'like_count': 7, 'quote_count': 2}",1172632462847041536,en,TweetDeck,"UPDATED: Fire at Brazil hospital kills 11 people, many elderly https://t.co/BDcsNSUIO9 https://t.co/xUezarjJ3A",everyone,1172632462847041536,2019-09-13T22:05:40.000Z,19636948,,
132,"{'retweet_count': 37, 'reply_count': 8, 'like_count': 13, 'quote_count': 3}",1170739802548969472,en,Twitter Web App,Public safety alert issued after elderly couple defrauded by woman posing as cop https://t.co/Y0PlUb3LRz https://t.co/zxo8927uLA,everyone,1170739802548969472,2019-09-08T16:44:54.000Z,19636948,,
133,"{'retweet_count': 2, 'reply_count': 0, 'like_count': 2, 'quote_count': 0}",1169948561972367360,en,TweetDeck,Elderly male pedestrian critically injured in Scarborough https://t.co/lmzqFsAKoj https://t.co/qLZUTAOO50,everyone,1169948561972367360,2019-09-06T12:20:48.000Z,19636948,,
134,"{'retweet_count': 3, 'reply_count': 0, 'like_count': 3, 'quote_count': 0}",1169342446356062215,en,TweetDeck,"Elderly woman struck by pickup truck in Oshawa remains in critical condition
https://t.co/wJd6tcxtv6 https://t.co/zdbTX6NcO4",everyone,1169342446356062215,2019-09-04T20:12:19.000Z,19636948,,
135,"{'retweet_count': 12, 'reply_count': 5, 'like_count': 11, 'quote_count': 3}",1169210009407954944,en,Twitter Web App,Son charged with second-degree murder in death of elderly mother https://t.co/tA0Ac0yqB3 https://t.co/U0Lm5NvEil,everyone,1169210009407954944,2019-09-04T11:26:03.000Z,19636948,,
136,"{'retweet_count': 4, 'reply_count': 0, 'like_count': 8, 'quote_count': 0}",1166641080978288640,en,TweetDeck,"Cities to parties: Spend more to fill housing-plan gaps for seniors, Indigenous
https://t.co/n6pxmO07yO https://t.co/LRNOpqQTpO",everyone,1166641080978288640,2019-08-28T09:18:03.000Z,19636948,,
137,"{'retweet_count': 17, 'reply_count': 24, 'like_count': 53, 'quote_count': 12}",1159519887179624448,en,TweetDeck,"Fewer housing options for younger Torontonians as seniors stay in homes longer: study
https://t.co/D9uOvAMrx4 https://t.co/H27G1vVWqS",everyone,1159519887179624448,2019-08-08T17:40:58.000Z,19636948,,
138,"{'retweet_count': 0, 'reply_count': 2, 'like_count': 2, 'quote_count': 0}",1159086715354714113,en,TweetDeck,Durham police: Drew Street closed between Athol Street and King Street in Oshawa after elderly pedestrian struck by vehicle. Injuries are believed to be serious.,everyone,1159086715354714113,2019-08-07T12:59:42.000Z,19636948,,
139,"{'retweet_count': 16, 'reply_count': 7, 'like_count': 27, 'quote_count': 14}",1155988646647881728,en,TweetDeck,Grilled cheese under the microscope in Quebec after seniors' choking deaths https://t.co/X5tiimT9ix https://t.co/BPABmhkJb6,everyone,1155988646647881728,2019-07-29T23:49:05.000Z,19636948,,
140,"{'retweet_count': 6, 'reply_count': 1, 'like_count': 11, 'quote_count': 0}",1155637292792500224,en,TweetDeck,Elderly woman found in North York pool Sunday evening dies: paramedics https://t.co/4WD38mVxlK https://t.co/gxUWzpi1TO,everyone,1155637292792500224,2019-07-29T00:32:55.000Z,19636948,,
141,"{'retweet_count': 17, 'reply_count': 9, 'like_count': 15, 'quote_count': 4}",1154458284633423872,en,TweetDeck,"Police believe 4 missing seniors from Muskoka were victims of homicide
https://t.co/F8TQCipxHJ https://t.co/SRifqlkGm7",everyone,1154458284633423872,2019-07-25T18:27:58.000Z,19636948,,
142,"{'retweet_count': 3, 'reply_count': 0, 'like_count': 4, 'quote_count': 0}",1151127960218419200,en,Twitter Web App,"UPDATED: Council holding final meeting before break, new seniors housing agency on agenda https://t.co/WPeIUuINMW https://t.co/sLprK7BqpO",everyone,1151127960218419200,2019-07-16T13:54:27.000Z,19636948,,
143,"{'retweet_count': 0, 'reply_count': 1, 'like_count': 5, 'quote_count': 0}",1151081907788103681,en,Twitter Web App,"Council holding final meeting before break, new seniors housing agency on agenda https://t.co/WPeIUuINMW https://t.co/6vgkrYDr2Q",everyone,1151081907788103681,2019-07-16T10:51:27.000Z,19636948,,
144,"{'retweet_count': 33, 'reply_count': 10, 'like_count': 13, 'quote_count': 7}",1149278246858645504,en,Twitter Web Client,Police seek suspect who sexually assaulted and extorted elderly man https://t.co/P5s7Jjxjac https://t.co/42aC7S2Fai,everyone,1149278246858645504,2019-07-11T11:24:21.000Z,19636948,,
145,"{'retweet_count': 38, 'reply_count': 16, 'like_count': 31, 'quote_count': 5}",1148581970512896002,en,Twitter Web Client,'It is devastating:' Residents to be evicted from Yorkville seniors home after building sold https://t.co/aeNCZ74rUt https://t.co/kKOukPp48f,everyone,1148581970512896002,2019-07-09T13:17:36.000Z,19636948,,
146,"{'retweet_count': 27, 'reply_count': 1, 'like_count': 24, 'quote_count': 0}",1147088730139824130,en,Twitter Web Client,Police concerned for safety of missing elderly woman amid extreme heat https://t.co/GsgnQ6boq2 https://t.co/CjOUKRo9u4,everyone,1147088730139824130,2019-07-05T10:23:59.000Z,19636948,,
147,"{'retweet_count': 7, 'reply_count': 3, 'like_count': 10, 'quote_count': 0}",1143198716087742466,en,TweetDeck,Seniors home in Scarborough evacuated after smoke prompts fire response https://t.co/TvepuEVncb https://t.co/GUAvFYYGZC,everyone,1143198716087742466,2019-06-24T16:46:28.000Z,19636948,,
148,"{'retweet_count': 3, 'reply_count': 0, 'like_count': 10, 'quote_count': 1}",1143194491807027200,en,TweetDeck,BREAKING: Crews responding to a 3-alarm fire at a seniors residence at Kennedy and Ellesmere roads in Scarborough. No injuries reported.,everyone,1143194491807027200,2019-06-24T16:29:41.000Z,19636948,,
149,"{'retweet_count': 8, 'reply_count': 6, 'like_count': 12, 'quote_count': 4}",1141344094763048960,en,TweetDeck,"Police motorcycle escorting Duke and Duchess of Cambridge collides with elderly woman
https://t.co/hIrWraW43C https://t.co/YB8PfJhv0c",everyone,1141344094763048960,2019-06-19T13:56:51.000Z,19636948,,
150,"{'retweet_count': 4, 'reply_count': 0, 'like_count': 6, 'quote_count': 0}",1137456914558836738,en,TweetDeck,"Elderly woman struck by bus in Oshawa suffers critical injuries 
https://t.co/SoRcqmb4YX https://t.co/RiBsyrMWpb",everyone,1137456914558836738,2019-06-08T20:30:36.000Z,19636948,,
151,"{'retweet_count': 3, 'reply_count': 1, 'like_count': 5, 'quote_count': 0}",1137455589972414469,en,TweetDeck,Durham Regional Police: Elderly woman struck by bus near Olive Avenue and Harmony Road. Woman's injuries are believed to be critical.,everyone,1137455589972414469,2019-06-08T20:25:20.000Z,19636948,,
152,"{'retweet_count': 34, 'reply_count': 4, 'like_count': 16, 'quote_count': 5}",1135885912523587584,en,TweetDeck,"Elderly woman victim of 'distraction theft' outside Whitby Walmart; 2 suspects sought
https://t.co/GdXdEaxqKD https://t.co/5hwcTkXrwc",everyone,1135885912523587584,2019-06-04T12:27:59.000Z,19636948,,
153,"{'retweet_count': 7, 'reply_count': 1, 'like_count': 7, 'quote_count': 1}",1128306238092206080,en,TweetDeck,"Son of elderly woman found dead in Oshawa apartment charged with murder 
https://t.co/T5xKMcKY9i https://t.co/Uexbqyo5Pl",everyone,1128306238092206080,2019-05-14T14:29:04.000Z,19636948,,
154,"{'retweet_count': 19, 'reply_count': 2, 'like_count': 21, 'quote_count': 0}",1127947967288217600,en,TweetDeck,JUST IN: Durham Regional Police say the death of an elderly woman found inside a home that caught fire in Oshawa on Sunday night has now been ruled a homicide.,everyone,1127947967288217600,2019-05-13T14:45:26.000Z,19636948,,
155,"{'retweet_count': 3, 'reply_count': 1, 'like_count': 5, 'quote_count': 0}",1127757951459106816,en,TweetDeck,"Suspicious fire at Oshawa apartment building leaves elderly woman dead, police say https://t.co/tI4u88S1Z4 https://t.co/YOf89IiPEu",everyone,1127757951459106816,2019-05-13T02:10:23.000Z,19636948,,
156,"{'retweet_count': 6, 'reply_count': 2, 'like_count': 5, 'quote_count': 0}",1127717180315975680,en,TweetDeck,Elderly man in serious condition after being struck by bus in Scarborough https://t.co/9g4Sk4cYlA https://t.co/SM4KldCDhm,everyone,1127717180315975680,2019-05-12T23:28:22.000Z,19636948,,
157,"{'retweet_count': 6, 'reply_count': 0, 'like_count': 14, 'quote_count': 2}",1127715084195778560,en,TweetDeck,Toronto police say an elderly man has been taken to hospital in serious condition after being struck by a bus near Midland and Sheppard avenues.,everyone,1127715084195778560,2019-05-12T23:20:02.000Z,19636948,,
158,"{'retweet_count': 39, 'reply_count': 22, 'like_count': 24, 'quote_count': 6}",1122891716653146114,en,TweetDeck,"Toronto man accused of robbing elderly man in parking lot of Casino Ajax 
https://t.co/625XZL530a https://t.co/Fbz1eKZO7Z",everyone,1122891716653146114,2019-04-29T15:53:42.000Z,19636948,,
159,"{'retweet_count': 29, 'reply_count': 4, 'like_count': 10, 'quote_count': 3}",1118976092096872449,en,TweetDeck,Elderly man assaulted after confronting theft suspect inside his Yorkville seniors' residence: police https://t.co/Fa4f2OOhgL https://t.co/RRCPUHQphB,everyone,1118976092096872449,2019-04-18T20:34:24.000Z,19636948,,
160,"{'retweet_count': 7, 'reply_count': 0, 'like_count': 11, 'quote_count': 0}",1118532895323435010,en,TweetDeck,"MORE: 97-year-old man struck by vehicle in Scarborough suffers critical injuries 
https://t.co/Lu5quVK9hJ https://t.co/7tysUqarQe",everyone,1118535466813460481,2019-04-17T15:23:31.000Z,19636948,19636948,"[{'type': 'replied_to', 'id': '1118532895323435010'}]"
161,"{'retweet_count': 4, 'reply_count': 0, 'like_count': 5, 'quote_count': 0}",1118197733209378818,en,TweetDeck,"Man, 49, accused of murdering elderly father makes 1st court appearance https://t.co/XTrmepIQsV https://t.co/TlW2HxugwR",everyone,1118197733209378818,2019-04-16T17:01:29.000Z,19636948,,
162,"{'retweet_count': 3, 'reply_count': 3, 'like_count': 20, 'quote_count': 0}",1116457523295420418,en,TweetDeck,Tory commends help for low-income seniors and mental health investments.,everyone,1116460711096537091,2019-04-11T21:59:11.000Z,19636948,19636948,"[{'type': 'replied_to', 'id': '1116458856933146624'}]"
163,"{'retweet_count': 56, 'reply_count': 13, 'like_count': 138, 'quote_count': 11}",1116433467301036032,en,TweetDeck,"#BREAKING: Ontario deficit falls to $11.7B this year, reaching balance by 2023-2024. Ford offers corporate tax credit, childcare credit, dental care for low-income seniors.",everyone,1116433467301036032,2019-04-11T20:10:55.000Z,19636948,,
164,"{'retweet_count': 32, 'reply_count': 4, 'like_count': 14, 'quote_count': 4}",1116289466098958336,en,TweetDeck,"Suspect sought after trying to rob 87-year-old woman outside Milton senior's home: police 
https://t.co/B8VUnjQerN https://t.co/HcXfrOu8Z5",everyone,1116289466098958336,2019-04-11T10:38:43.000Z,19636948,,
165,"{'retweet_count': 19, 'reply_count': 7, 'like_count': 67, 'quote_count': 6}",1115631010572582912,en,TweetDeck,Free dental care for low-income seniors coming in Ontario budget: CP https://t.co/lwlc24gsOO #onpoli https://t.co/GD1SlgA12O,everyone,1115631010572582912,2019-04-09T15:02:14.000Z,19636948,,
166,"{'retweet_count': 246, 'reply_count': 60, 'like_count': 407, 'quote_count': 82}",1108809525799407616,en,TweetDeck,Ten to hospital after pot brownies served to unsuspecting seniors at Parry Sound luncheon https://t.co/Dy21njsNUO https://t.co/DgwaPMtECf,everyone,1108809525799407616,2019-03-21T19:16:06.000Z,19636948,,
167,"{'retweet_count': 6, 'reply_count': 1, 'like_count': 5, 'quote_count': 0}",1108146997935124480,en,TweetDeck,Elderly man charged after 79-year-old woman is pronounced dead at an Etobicoke residence https://t.co/aQYuEJWOaM https://t.co/1CnJT3e8cc,everyone,1108146997935124480,2019-03-19T23:23:27.000Z,19636948,,
168,"{'retweet_count': 5, 'reply_count': 0, 'like_count': 9, 'quote_count': 0}",1107368078885748736,en,TweetDeck,Elderly woman in critical condition after being hit by vehicle in Mississauga https://t.co/5I9OlWS6j1 https://t.co/Tdi3eOllmc,everyone,1107377975694163969,2019-03-17T20:27:38.000Z,19636948,19636948,"[{'type': 'replied_to', 'id': '1107368078885748736'}]"
169,"{'retweet_count': 13, 'reply_count': 3, 'like_count': 39, 'quote_count': 4}",1104107541678694400,en,TweetDeck,"Elderly Ottawa man dug out by police after spending winter snowed into home
https://t.co/6TxjhoI1Fi https://t.co/FyLyIwKLYK",everyone,1104107541678694400,2019-03-08T19:52:05.000Z,19636948,,
170,"{'retweet_count': 39, 'reply_count': 15, 'like_count': 45, 'quote_count': 12}",1099002000170254336,en,TweetDeck,Two 18-year-old men charged in shooting death of TSN editor in Etobicoke: police  https://t.co/8U8P0cmuzw https://t.co/a2QcpuHI1B,everyone,1099002000170254336,2019-02-22T17:44:29.000Z,19636948,,
171,"{'retweet_count': 2, 'reply_count': 1, 'like_count': 4, 'quote_count': 0}",1094316867253088256,en,TweetDeck,MORE: Elderly male struck and reportedly pinned to wall in commercial plaza in Mississauga https://t.co/2d7wstDWYM https://t.co/mGTob3TlS9,everyone,1094322505727262722,2019-02-09T19:49:51.000Z,19636948,19636948,"[{'type': 'replied_to', 'id': '1094316867253088256'}]"
172,"{'retweet_count': 54, 'reply_count': 13, 'like_count': 66, 'quote_count': 9}",1083150103865634816,en,TweetDeck,Chunk of ice falls from airliner into Mississauga seniors’ bedroom https://t.co/BBjXn0z8m4 https://t.co/kqv6hnmKiH,everyone,1083150103865634816,2019-01-09T23:54:43.000Z,19636948,,
173,"{'retweet_count': 10, 'reply_count': 6, 'like_count': 61, 'quote_count': 2}",1083058440992448512,en,TweetDeck,"Just days after reportedly helping police foil a robbery, this news reporter helped find an elderly missing woman while covering her story https://t.co/bSmAToPa8f https://t.co/RyWnmuZXOJ",everyone,1083058440992448512,2019-01-09T17:50:29.000Z,19636948,,
174,"{'retweet_count': 0, 'reply_count': 1, 'like_count': 4, 'quote_count': 0}",1073652946016051200,en,TweetDeck,More charges for Halton-area support worker accused of stealing from seniors  https://t.co/zFGiOWzULo https://t.co/mwUgQwgc5w,everyone,1073652946016051200,2018-12-14T18:56:24.000Z,19636948,,
175,"{'retweet_count': 4, 'reply_count': 2, 'like_count': 1, 'quote_count': 0}",1071188256866361345,en,TweetDeck,MORE: Elderly pedestrian in critical condition after being struck by a car in Clarks Corners area of Scarborough https://t.co/0vbhUibrwL https://t.co/2xuTryuLfU,everyone,1071196571088404480,2018-12-08T00:15:39.000Z,19636948,19636948,"[{'type': 'replied_to', 'id': '1071188256866361345'}]"
176,"{'retweet_count': 4, 'reply_count': 0, 'like_count': 4, 'quote_count': 0}",1069693307830394881,en,TweetDeck,"Elderly man struck by vehicle in Scarborough dies in hospital
https://t.co/vRw8T3OV6L https://t.co/itYBVSLmiE",everyone,1069693307830394881,2018-12-03T20:42:13.000Z,19636948,,
177,"{'retweet_count': 26, 'reply_count': 22, 'like_count': 15, 'quote_count': 16}",1069619361189691392,en,TweetDeck,Growing number of Ontario seniors turning to food banks: report https://t.co/WY444MwwVQ https://t.co/bgzat3dl0r,everyone,1069619361189691392,2018-12-03T15:48:22.000Z,19636948,,
178,"{'retweet_count': 2, 'reply_count': 4, 'like_count': 9, 'quote_count': 0}",1067927255131873285,en,TweetDeck,"Elderly pedestrian seriously injured after being struck by a vehicle on Island Road in Port Perry, Durham Regional police say.",everyone,1067927255131873285,2018-11-28T23:44:33.000Z,19636948,,
179,"{'retweet_count': 9, 'reply_count': 2, 'like_count': 12, 'quote_count': 1}",1064211367132098560,en,TweetDeck,"Peel police: Suspect charged with kidnapping after stealing van with elderly woman inside in Mississauga
https://t.co/eeVLpSefZV https://t.co/OK5KbJ3s51",everyone,1064211367132098560,2018-11-18T17:38:56.000Z,19636948,,
180,"{'retweet_count': 3, 'reply_count': 1, 'like_count': 15, 'quote_count': 0}",1059280989271265280,en,TweetDeck,"No injuries reported after a fire broke out at a unit at a seniors home at Truscott and Seagull drives in Mississauga, Peel police say. Fire now out.",everyone,1059280989271265280,2018-11-05T03:07:22.000Z,19636948,,
181,"{'retweet_count': 3, 'reply_count': 0, 'like_count': 5, 'quote_count': 1}",1056847723356405760,en,TweetDeck,Elderly man dead after North York apartment fire https://t.co/QFcSfV9avP https://t.co/EEAJEvJZiF,everyone,1056847723356405760,2018-10-29T09:58:27.000Z,19636948,,
182,"{'retweet_count': 4, 'reply_count': 3, 'like_count': 4, 'quote_count': 1}",1050319479178240000,en,TweetDeck,"Elderly male in custody after stabbing in Scarborough
https://t.co/yhiMuvQXzB https://t.co/3TWZdDgaEi",everyone,1050319479178240000,2018-10-11T09:37:32.000Z,19636948,,
183,"{'retweet_count': 2, 'reply_count': 1, 'like_count': 4, 'quote_count': 0}",1050031409384046594,en,TweetDeck,MORE: Elderly male on scooter critically hurt in Little Italy crash https://t.co/4ciuqHn0yu https://t.co/SHJxrLspwZ,everyone,1050035522264072193,2018-10-10T14:49:11.000Z,19636948,19636948,"[{'type': 'replied_to', 'id': '1050031409384046594'}]"
184,"{'retweet_count': 2, 'reply_count': 3, 'like_count': 3, 'quote_count': 0}",1046506205500379137,en,TweetDeck,Mayoral panel on seniors issues cancelled over bylaw violation https://t.co/pGJziaehSk https://t.co/rRcAVEOEXk,everyone,1046506205500379137,2018-09-30T21:04:57.000Z,19636948,,
185,"{'retweet_count': 2, 'reply_count': 1, 'like_count': 4, 'quote_count': 0}",1042729222870106112,en,Twitter Web Client,Elderly man dead after Burlington collision https://t.co/Er3PHMH394 https://t.co/y20ZJJpTa8,everyone,1042729222870106112,2018-09-20T10:56:34.000Z,19636948,,
186,"{'retweet_count': 2, 'reply_count': 2, 'like_count': 3, 'quote_count': 0}",1042704507342397441,en,Twitter Web Client,An elderly man has been pronounced dead in hospital after a three-vehicle collision near Brant and Dundas streets in Burlington at around 3:30 a.m.,everyone,1042704507342397441,2018-09-20T09:18:21.000Z,19636948,,
187,"{'retweet_count': 5, 'reply_count': 0, 'like_count': 3, 'quote_count': 0}",1039086420311396352,en,TweetDeck,"Suspect sought in North York hit-and-run that left elderly man critically injured 
https://t.co/a1jC1baCO3 https://t.co/YLt07xuNq6",everyone,1039086420311396352,2018-09-10T09:41:22.000Z,19636948,,
188,"{'retweet_count': 5, 'reply_count': 0, 'like_count': 3, 'quote_count': 0}",1038735279593533440,en,TweetDeck,"MORE: Elderly man critically injured in North York hit-and-run: police
https://t.co/VLOEjmZbDR https://t.co/DvYvqxcLuH",everyone,1038754425098186752,2018-09-09T11:42:08.000Z,19636948,19636948,"[{'type': 'replied_to', 'id': '1038735279593533440'}]"
189,"{'retweet_count': 7, 'reply_count': 1, 'like_count': 14, 'quote_count': 1}",1038735279593533440,en,TweetDeck,Elderly man suffered critical injuries after he was reportedly struck by a vehicle near Sheppard and Dufferin early this morning.,everyone,1038735279593533440,2018-09-09T10:26:04.000Z,19636948,,
190,"{'retweet_count': 6, 'reply_count': 3, 'like_count': 7, 'quote_count': 1}",1037413702281162752,en,TweetDeck,"A man believed to be in his 40s has been taken to a trauma centre in life-threatening condition after being pinned by a dump truck near Elder Avenue and Twenty Sixth Street in Etobicoke, Toronto Paramedic Services says.",everyone,1037413702281162752,2018-09-05T18:54:35.000Z,19636948,,
191,"{'retweet_count': 7, 'reply_count': 5, 'like_count': 9, 'quote_count': 2}",1034983692005990402,en,TweetDeck,UPDATED: Police investigating murder of elderly woman in Regent Park https://t.co/sgDKhI8XGW https://t.co/CqODNAHzHq,everyone,1034983692005990402,2018-08-30T01:58:35.000Z,19636948,,
192,"{'retweet_count': 6, 'reply_count': 0, 'like_count': 8, 'quote_count': 0}",1034938755910709248,en,TweetDeck,DEVELOPING: Police investigating 'suspicious' death of elderly woman in Regent Park https://t.co/i9qrufFAhg https://t.co/JCi94srde2,everyone,1034938755910709248,2018-08-29T23:00:02.000Z,19636948,,
193,"{'retweet_count': 19, 'reply_count': 2, 'like_count': 18, 'quote_count': 2}",1034936691486871553,en,TweetDeck,#BREAKING: Toronto police say the homicide squad has been notified after the body of an elderly woman was found with obvious signs of trauma near Cornwall and River streets in Regent Park. One person in custody.,everyone,1034936691486871553,2018-08-29T22:51:50.000Z,19636948,,
194,"{'retweet_count': 6, 'reply_count': 2, 'like_count': 16, 'quote_count': 0}",1034455722589921280,en,TweetDeck,Driver charged after elderly man struck and killed in North York parkade https://t.co/JuQmBAjjui https://t.co/VrkXX5uN7C,everyone,1034455722589921280,2018-08-28T15:00:38.000Z,19636948,,
195,"{'retweet_count': 4, 'reply_count': 3, 'like_count': 8, 'quote_count': 0}",1031274890383564800,en,TweetDeck,UPDATED: Man charged in fatal stabbing of elderly woman in Etobicoke https://t.co/y1VfuVkXvL https://t.co/lssxQNUcIt,everyone,1031274890383564800,2018-08-19T20:21:08.000Z,19636948,,
196,"{'retweet_count': 8, 'reply_count': 6, 'like_count': 6, 'quote_count': 4}",1031150226076323840,en,TweetDeck,"Police ID elderly woman stabbed to death in Etobicoke
https://t.co/U7ZS3DCkfz https://t.co/CkAnDTVPFZ",everyone,1031150226076323840,2018-08-19T12:05:46.000Z,19636948,,
197,"{'retweet_count': 15, 'reply_count': 9, 'like_count': 8, 'quote_count': 2}",1030956277726408704,en,TweetDeck,MORE: Woman in her 80s pronounced dead after stabbing in Etobicoke https://t.co/9qvrD5PqFl,everyone,1030967826188836865,2018-08-19T00:00:58.000Z,19636948,19636948,"[{'type': 'replied_to', 'id': '1030966864980180992'}]"
198,"{'retweet_count': 4, 'reply_count': 0, 'like_count': 6, 'quote_count': 0}",1029852925185720322,en,TweetDeck,Elderly woman taken to hospital after being struck by vehicle in Brampton https://t.co/GiNgA6rxy3 https://t.co/WBl1sZqUax,everyone,1029866461878276097,2018-08-15T23:04:33.000Z,19636948,19636948,"[{'type': 'replied_to', 'id': '1029852925185720322'}]"
199,"{'retweet_count': 11, 'reply_count': 4, 'like_count': 14, 'quote_count': 1}",1029852925185720322,en,TweetDeck,"An elderly woman has been transported to a trauma centre after being struck by a vehicle near Moffatt Avenue and Charolais Boulevard in Brampton, Peel police say. The extent of her injuries is not known.",everyone,1029852925185720322,2018-08-15T22:10:45.000Z,19636948,,
200,"{'retweet_count': 7, 'reply_count': 0, 'like_count': 5, 'quote_count': 1}",1029434746013732864,en,TweetDeck,Police seeking security footage after elderly man in scooter struck by vehicle in Scarborough https://t.co/NMibNQ0cAh https://t.co/boxvwh2upG,everyone,1029434746013732864,2018-08-14T18:29:04.000Z,19636948,,
201,"{'retweet_count': 5, 'reply_count': 6, 'like_count': 5, 'quote_count': 0}",1027529423019491329,en,TweetDeck,"Chicago-area megachurch elders resign over groping scandal
https://t.co/dlOCzkmHAj https://t.co/4mxYRDYy7s",everyone,1027529423019491329,2018-08-09T12:17:59.000Z,19636948,,
202,"{'retweet_count': 12, 'reply_count': 1, 'like_count': 11, 'quote_count': 1}",1025822864363139072,en,TweetDeck,"Elderly man dies when tornado touches down near Alonsa, Manitoba https://t.co/QKxKRTDE1u https://t.co/RiF17kg28Z",everyone,1025822864363139072,2018-08-04T19:16:44.000Z,19636948,,
203,"{'retweet_count': 13, 'reply_count': 10, 'like_count': 70, 'quote_count': 7}",1021070431028219904,en,TweetDeck,"Seniors and students living together to save on rent, find 'family'
https://t.co/7f99XVhnNL https://t.co/oqkoe5N182",everyone,1021070431028219904,2018-07-22T16:32:15.000Z,19636948,,
204,"{'retweet_count': 5, 'reply_count': 0, 'like_count': 10, 'quote_count': 0}",1019210413098008581,en,TweetDeck,Twenty killed after ISIS-linked suicide bomber attacks meeting between tribal elders and Taliban in northern Afghanistan https://t.co/zw5kAQUD7f https://t.co/uy2EuYtXas,everyone,1019210413098008581,2018-07-17T13:21:13.000Z,19636948,,
205,"{'retweet_count': 15, 'reply_count': 3, 'like_count': 143, 'quote_count': 0}",1016356587156406273,en,TweetDeck,"UPDATE: Elderly man who went missing from Harbord Village found safe
 https://t.co/HdRm2Tq8Il",everyone,1016447206369513474,2018-07-09T22:21:13.000Z,19636948,19636948,"[{'type': 'replied_to', 'id': '1016356587156406273'}]"
206,"{'retweet_count': 60, 'reply_count': 1, 'like_count': 36, 'quote_count': 1}",1016356587156406273,en,TweetDeck,Police searching for elderly man who went missing from Harbord Village https://t.co/507LqZY9NR https://t.co/UGDMSTWbQN,everyone,1016356587156406273,2018-07-09T16:21:08.000Z,19636948,,
207,"{'retweet_count': 68, 'reply_count': 2, 'like_count': 20, 'quote_count': 3}",1013110564858580992,en,Twitter Web Client,Police say missing elderly man 'may be in danger' due to extreme heat https://t.co/i8cno64cNn https://t.co/qqjDYwuQ3F,everyone,1013110564858580992,2018-06-30T17:22:36.000Z,19636948,,
208,"{'retweet_count': 7, 'reply_count': 0, 'like_count': 7, 'quote_count': 1}",1012370747992477698,en,TweetDeck,"Elderly man on scooter struck by vehicle near Highway 401 in North York
https://t.co/98U0LxsbeB https://t.co/Rnrbzp7rrr",everyone,1012370747992477698,2018-06-28T16:22:49.000Z,19636948,,
209,"{'retweet_count': 7, 'reply_count': 1, 'like_count': 7, 'quote_count': 1}",1010602809266499584,en,TweetDeck,Elderly male pedestrian struck and critically hurt in Midtown https://t.co/ZCLkOzZ1SX https://t.co/l1Z619KlgH,everyone,1010602809266499584,2018-06-23T19:17:40.000Z,19636948,,
210,"{'retweet_count': 31, 'reply_count': 4, 'like_count': 42, 'quote_count': 11}",1007046105606053890,en,TweetDeck,Investigation underway into elder abuse against Marvel Comics' Stan Lee https://t.co/vbMB01CehN https://t.co/YNXdWgFRqx,everyone,1007046105606053890,2018-06-13T23:44:36.000Z,19636948,,
211,"{'retweet_count': 1, 'reply_count': 0, 'like_count': 1, 'quote_count': 0}",1006829176652009474,en,TweetDeck,"MORE: Elderly man in critical condition after Scarborough house fire
https://t.co/OjVzEgM8Dm https://t.co/RU6FSi2VBC",everyone,1006834191940628480,2018-06-13T09:42:32.000Z,19636948,19636948,"[{'type': 'replied_to', 'id': '1006829176652009474'}]"
212,"{'retweet_count': 2, 'reply_count': 1, 'like_count': 5, 'quote_count': 0}",1006829176652009474,en,TweetDeck,"Police: Elderly man taken to hospital in life-threatening condition after house fire on Caddy Drive, located near Lawrence Avenue East and Scarborough Golf Club Road.",everyone,1006829176652009474,2018-06-13T09:22:36.000Z,19636948,,
213,"{'retweet_count': 39, 'reply_count': 15, 'like_count': 34, 'quote_count': 14}",1006289214445678594,en,TweetDeck,Elderly TTC passenger injured by sudden braking dies in hospital https://t.co/pAYTuYCev9 https://t.co/Poqlgq5uBz,everyone,1006289214445678594,2018-06-11T21:36:59.000Z,19636948,,
214,"{'retweet_count': 1, 'reply_count': 1, 'like_count': 11, 'quote_count': 0}",1005150228612288513,en,TweetDeck,Ford says his wife Karla was 'out every day' canvassing and campaigning. He says she is passionate in helping young people and seniors.,everyone,1005151334893522949,2018-06-08T18:15:27.000Z,19636948,19636948,"[{'type': 'replied_to', 'id': '1005150889810808833'}]"
215,"{'retweet_count': 12, 'reply_count': 0, 'like_count': 10, 'quote_count': 5}",998032632888922114,en,TweetDeck,MORE: Man in his 70s stabbed several times on Queen West https://t.co/8k39UVCVFC https://t.co/eKhYj3dGXi,everyone,998036917353578498,2018-05-20T03:05:18.000Z,19636948,19636948,"[{'type': 'replied_to', 'id': '998032632888922114'}]"
216,"{'retweet_count': 9, 'reply_count': 2, 'like_count': 10, 'quote_count': 1}",994628012623781888,en,TweetDeck,"Woman allegedly posed as a personal support worker to steal from seniors
https://t.co/EeEUxVS6Xb https://t.co/YAhMGruV8b",everyone,994628012623781888,2018-05-10T17:19:32.000Z,19636948,,
217,"{'retweet_count': 3, 'reply_count': 0, 'like_count': 3, 'quote_count': 0}",986532746389610497,en,TweetDeck,"UPDATED: Elderly man dies in hospital after fire at east-end apartment building
https://t.co/zxDBIlpQKS https://t.co/u28iYZUKJr",everyone,986551036390379520,2018-04-18T10:24:30.000Z,19636948,19636948,"[{'type': 'replied_to', 'id': '986543721050202114'}]"
218,"{'retweet_count': 4, 'reply_count': 1, 'like_count': 3, 'quote_count': 0}",986532746389610497,en,TweetDeck,"MORE: Elderly man rushed to hospital without vital signs after east-end fire
https://t.co/sWw2UXHbGm https://t.co/DQ6wkUqrmm",everyone,986540174476750849,2018-04-18T09:41:21.000Z,19636948,19636948,"[{'type': 'replied_to', 'id': '986532746389610497'}]"
219,"{'retweet_count': 183, 'reply_count': 4, 'like_count': 71, 'quote_count': 2}",982607625559924736,en,Twitter Web Client,Peel police concerned about the safety of missing elderly man who vanished Wednesday https://t.co/I6UR6I6ijx https://t.co/mnbbO6UwU7,everyone,982607625559924736,2018-04-07T13:14:48.000Z,19636948,,
220,"{'retweet_count': 1, 'reply_count': 0, 'like_count': 4, 'quote_count': 1}",981249295818031104,en,TweetDeck,"Elderly male taken to trauma centre with serious injuries after crash in area of Islington Ave. and Titan Rd., Toronto Paramedics say.",everyone,981249295818031104,2018-04-03T19:17:17.000Z,19636948,,
221,"{'retweet_count': 10, 'reply_count': 1, 'like_count': 5, 'quote_count': 0}",978195593574207488,en,TweetDeck,"MORE: Elderly male driver collides with truck after heading wrong way on Gardiner
https://t.co/YLCZpfmnQz https://t.co/V7nSzJiePt",everyone,978201293599707136,2018-03-26T09:25:37.000Z,19636948,19636948,"[{'type': 'replied_to', 'id': '978195593574207488'}]"
222,"{'retweet_count': 3, 'reply_count': 0, 'like_count': 1, 'quote_count': 0}",977283591720853506,en,TweetDeck,MORE: Elderly woman dies in Pickering house fire https://t.co/T4ioWMx5zX https://t.co/JXoMdRFoZk,everyone,977291461636042752,2018-03-23T21:10:16.000Z,19636948,19636948,"[{'type': 'replied_to', 'id': '977283591720853506'}]"
223,"{'retweet_count': 3, 'reply_count': 3, 'like_count': 2, 'quote_count': 3}",977283591720853506,en,TweetDeck,"#BREAKING: An elderly female is dead after a house fire on Bem Avenue in Pickering, Durham Regional Police say.",everyone,977283591720853506,2018-03-23T20:38:59.000Z,19636948,,
224,"{'retweet_count': 11, 'reply_count': 15, 'like_count': 33, 'quote_count': 3}",976134523711827968,en,TweetDeck,Ontario expands public pharmacare program to include seniors https://t.co/GI0Mk4A9ab #onpoli https://t.co/uIuyhDoVGo,everyone,976134523711827968,2018-03-20T16:33:00.000Z,19636948,,
225,"{'retweet_count': 4, 'reply_count': 3, 'like_count': 4, 'quote_count': 0}",972893694742450176,en,TweetDeck,"French far-right party severs all ties with elder Le Pen
https://t.co/NTrQu23UfJ https://t.co/MdhmTyy0Y0",everyone,972893694742450176,2018-03-11T17:55:06.000Z,19636948,,
226,"{'retweet_count': 9, 'reply_count': 1, 'like_count': 5, 'quote_count': 0}",964341961124728832,en,TweetDeck,UPDATED: Elderly woman killed in Mississauga hit-and-run https://t.co/HXrNvDxBCD https://t.co/evlDC3vd91,everyone,964341961124728832,2018-02-16T03:33:34.000Z,19636948,,
227,"{'retweet_count': 4, 'reply_count': 0, 'like_count': 0, 'quote_count': 0}",964328977333735424,en,TweetDeck,Elderly woman fatally struck in Mississauga: Peel Paramedics https://t.co/o0yTbQV1Py https://t.co/cSQPOcljvM,everyone,964328977333735424,2018-02-16T02:41:59.000Z,19636948,,
228,"{'retweet_count': 5, 'reply_count': 4, 'like_count': 2, 'quote_count': 1}",964320328221708288,en,TweetDeck,"#BREAKING: Elderly woman is dead after being struck by a vehicle in area of Mavis Road and Knotty Pine Grove in Mississauga, Peel Paramedics say.",everyone,964325532920877056,2018-02-16T02:28:18.000Z,19636948,19636948,"[{'type': 'replied_to', 'id': '964320328221708288'}]"
229,"{'retweet_count': 1, 'reply_count': 0, 'like_count': 3, 'quote_count': 1}",962376840080953344,en,Twitter Web Client,Elderly woman in life-threatening condition after fire at Burlington home https://t.co/RciRBTksTk https://t.co/Q04MxBpaIN,everyone,962376840080953344,2018-02-10T17:24:53.000Z,19636948,,
230,"{'retweet_count': 22, 'reply_count': 5, 'like_count': 15, 'quote_count': 2}",954454816960507904,en,TweetDeck,"Deaths of elderly couple in Oakville was a murder-suicide, HRPS says https://t.co/Pv8K1Lz6Ie https://t.co/t7XrW8Vokg",everyone,954454816960507904,2018-01-19T20:45:35.000Z,19636948,,
231,"{'retweet_count': 10, 'reply_count': 1, 'like_count': 9, 'quote_count': 0}",953700402700144640,en,TweetDeck,"UPDATED: Elderly couple identified as 2 found dead inside Oakville home
https://t.co/IqOR3oqqrd https://t.co/HRySCLJgST",everyone,953700402700144640,2018-01-17T18:47:49.000Z,19636948,,
232,"{'retweet_count': 6, 'reply_count': 1, 'like_count': 3, 'quote_count': 0}",953591285679579138,en,TweetDeck,"Flemingdon Park seniors’ residence evacuated due to high levels of CO
https://t.co/T0xzpQLypS https://t.co/xg9x35utlo",everyone,953591285679579138,2018-01-17T11:34:14.000Z,19636948,,
233,"{'retweet_count': 4, 'reply_count': 2, 'like_count': 10, 'quote_count': 0}",952925665183125504,en,TweetDeck,"Elderly man struck by vehicle in Financial District dies in hospital
https://t.co/NalwYmvxRh https://t.co/BVBKjrnlI4",everyone,952925665183125504,2018-01-15T15:29:17.000Z,19636948,,
234,"{'retweet_count': 5, 'reply_count': 1, 'like_count': 1, 'quote_count': 0}",951798765731622914,en,Twitter Web Client,"Torrential California mudslide takes lives of elderly, young https://t.co/HHlAySeSTn https://t.co/uJo0vPzvlz",everyone,951798765731622914,2018-01-12T12:51:23.000Z,19636948,,
235,"{'retweet_count': 202, 'reply_count': 51, 'like_count': 309, 'quote_count': 116}",949458604310089728,en,TweetDeck,Elderly woman dies in extreme cold trying to find dead husband https://t.co/NRhCO8dw6o https://t.co/UhkNuW8GUp,everyone,949458604310089728,2018-01-06T01:52:26.000Z,19636948,,
236,"{'retweet_count': 3, 'reply_count': 0, 'like_count': 4, 'quote_count': 0}",949096699988934656,en,TweetDeck,Beaverton crash leaves elderly man dead: police https://t.co/BvIaRQBHZi https://t.co/u0F3RpLJqx,everyone,949096699988934656,2018-01-05T01:54:21.000Z,19636948,,
237,"{'retweet_count': 13, 'reply_count': 3, 'like_count': 16, 'quote_count': 3}",948982080435875842,en,TweetDeck,"UPDATED: Elderly man charged with murder after wife found dead in Etobicoke: police
https://t.co/AzECae7sOX https://t.co/YiCYrIEnes",everyone,948982080435875842,2018-01-04T18:18:53.000Z,19636948,,
238,"{'retweet_count': 7, 'reply_count': 0, 'like_count': 3, 'quote_count': 0}",948950831893766147,en,TweetDeck,"MORE: Elderly man charged with murder after wife found dead in Etobicoke: police
https://t.co/AzECae7sOX https://t.co/tU4D9oKrWY",everyone,948952171491586048,2018-01-04T16:20:03.000Z,19636948,19636948,"[{'type': 'replied_to', 'id': '948950831893766147'}]"
239,"{'retweet_count': 20, 'reply_count': 2, 'like_count': 13, 'quote_count': 4}",948950831893766147,en,TweetDeck,"JUST IN: An elderly woman found dead in an Etobicoke home on Wednesday night has been identified by police as 76-year-old Barbara Kovic. Her husband, 81-year-old Ante Kovic, has been charged with second-degree murder in connection with her death.",everyone,948950831893766147,2018-01-04T16:14:43.000Z,19636948,,
240,"{'retweet_count': 4, 'reply_count': 0, 'like_count': 1, 'quote_count': 0}",948865155387023360,en,TweetDeck,"MORE: Elderly man in custody in connection with death of woman in Etobicoke
https://t.co/U86f9SAakg https://t.co/HvVffi4QdC",everyone,948869938772619265,2018-01-04T10:53:17.000Z,19636948,19636948,"[{'type': 'replied_to', 'id': '948865155387023360'}]"
